{
  "project_info": {
    "project_number": "316630308488",
    "project_id": "team-project-99771",
    "storage_bucket": "team-project-99771.appspot.com"
  },
  "client": [
    {
      "client_info": {
        "mobilesdk_app_id": "1:316630308488:android:b081db3fc1d97174e9713d",
        "android_client_info": {
          "package_name": "deu.cpt.team_project"
        }
      },
      "oauth_client": [],
      "api_key": [
        {
          "current_key": "AIzaSyBZdow_UHUT2GFLy1O4NfhFzg2TTsd6-Q8"
        }
      ],
      "services": {
        "appinvite_service": {
          "other_platform_oauth_client": []
        }
      }
    }
  ],
  "configuration_version": "1"
}