{
  "project_info": {
    "project_number": "229306394875",
    "project_id": "memo20173057",
    "storage_bucket": "memo20173057.appspot.com"
  },
  "client": [
    {
      "client_info": {
        "mobilesdk_app_id": "1:229306394875:android:049a875aa69a38caeea85e",
        "android_client_info": {
          "package_name": "deu.cpt.p20173057"
        }
      },
      "oauth_client": [],
      "api_key": [
        {
          "current_key": "AIzaSyBK9bZTb8VRPZsFrWSddRJlL3_6OcEpzW0"
        }
      ],
      "services": {
        "appinvite_service": {
          "other_platform_oauth_client": []
        }
      }
    }
  ],
  "configuration_version": "1"
}